Transaction Hash,Blockno,UnixTimestamp,DateTime (UTC),From,To,TokenValue,USDValueDayOfTx,ContractAddress,TokenName,TokenSymbol
0x0d820536cb6611bd9e09f09af985e6d44a30638478536802d040256d50052d43,23874335,1764055703,2025-11-25 7:28:23,0xc8bd5e90f3f5f20c34735726a40a88d6c09f4cea,0x9008d19f58aabd9ed0d60971565aa8510560ab41,"63,095.24",N/A,0xc770eefad204b5180df6a14ee197d99d808ee52d,FOX,FOX
0x99286218f8e28e7dc45f24fbd2398dc445d945344ff657ef662039373ff1943a,23852282,1763787731,2025-11-22 5:02:11,0xc8bd5e90f3f5f20c34735726a40a88d6c09f4cea,0x9008d19f58aabd9ed0d60971565aa8510560ab41,"63,095.24",N/A,0xc770eefad204b5180df6a14ee197d99d808ee52d,FOX,FOX
0x7aada82235af440fe6eb7c80ff9fd37fd9590157e10407ad56304a0a07e2843b,23839775,1763635931,2025-11-20 10:52:11,0xc8bd5e90f3f5f20c34735726a40a88d6c09f4cea,0x9008d19f58aabd9ed0d60971565aa8510560ab41,"63,095.24",N/A,0xc770eefad204b5180df6a14ee197d99d808ee52d,FOX,FOX
0xd81e52b2b7077e573b5998f2c2c62c0b77998dc14ba7112180a00a1f9b117d09,23827153,1763482859,2025-11-18 16:20:59,0xc8bd5e90f3f5f20c34735726a40a88d6c09f4cea,0x9008d19f58aabd9ed0d60971565aa8510560ab41,"63,095.24",N/A,0xc770eefad204b5180df6a14ee197d99d808ee52d,FOX,FOX
0x1ec12996750dfb663947876f65b02e813ac5f44de6741ac2e6a729fee3048367,23816891,1763358299,2025-11-17 5:44:59,0xc8bd5e90f3f5f20c34735726a40a88d6c09f4cea,0x9008d19f58aabd9ed0d60971565aa8510560ab41,"63,095.24",N/A,0xc770eefad204b5180df6a14ee197d99d808ee52d,FOX,FOX
0x8d325aa7f84553b4d58686da2a7ea8741eba93ef5d81dbde3a5fc76ee7178081,23809796,1763272583,2025-11-16 5:56:23,0xc8bd5e90f3f5f20c34735726a40a88d6c09f4cea,0x9008d19f58aabd9ed0d60971565aa8510560ab41,"63,095.24",N/A,0xc770eefad204b5180df6a14ee197d99d808ee52d,FOX,FOX
0xc168171f72d533e886355094faa5c8353b85d68a08666c1f9996c434cafcb647,23802699,1763186879,2025-11-15 6:07:59,0xc8bd5e90f3f5f20c34735726a40a88d6c09f4cea,0x9008d19f58aabd9ed0d60971565aa8510560ab41,"63,095.24",N/A,0xc770eefad204b5180df6a14ee197d99d808ee52d,FOX,FOX
0x4477e803e6eae8db4c66bf7844b66c6d79ddb895009ba7c2ba6e6f09b133a0b7,23795596,1763101163,2025-11-14 6:19:23,0xc8bd5e90f3f5f20c34735726a40a88d6c09f4cea,0x9008d19f58aabd9ed0d60971565aa8510560ab41,"63,095.24",N/A,0xc770eefad204b5180df6a14ee197d99d808ee52d,FOX,FOX
0x9ab84e8816e5e1b02905fe7fcee285bbd8477f7377601d9078109aa2b5e50142,23788508,1763015459,2025-11-13 6:30:59,0xc8bd5e90f3f5f20c34735726a40a88d6c09f4cea,0x9008d19f58aabd9ed0d60971565aa8510560ab41,"63,095.24",N/A,0xc770eefad204b5180df6a14ee197d99d808ee52d,FOX,FOX
0x689efe6058db1c13733edce122b893559621f78ed838f5841c51966fb302b4c0,23781427,1762929731,2025-11-12 6:42:11,0xc8bd5e90f3f5f20c34735726a40a88d6c09f4cea,0x9008d19f58aabd9ed0d60971565aa8510560ab41,"63,095.24",N/A,0xc770eefad204b5180df6a14ee197d99d808ee52d,FOX,FOX
0x8bff61377f892438b51c37f8a0d0cf8b908e6c1076a792c24afeb27fb978689c,23774336,1762844015,2025-11-11 6:53:35,0xc8bd5e90f3f5f20c34735726a40a88d6c09f4cea,0x9008d19f58aabd9ed0d60971565aa8510560ab41,"63,095.24",N/A,0xc770eefad204b5180df6a14ee197d99d808ee52d,FOX,FOX
0x8310b1fff9f8f064c9f6be904e2e4346dce16bc49901792c6088c5895635398d,23767254,1762758299,2025-11-10 7:04:59,0xc8bd5e90f3f5f20c34735726a40a88d6c09f4cea,0x9008d19f58aabd9ed0d60971565aa8510560ab41,"63,095.24",N/A,0xc770eefad204b5180df6a14ee197d99d808ee52d,FOX,FOX
0x1105bc3de3a135281a79c3c2c0f466fbb5748d76a3bbee2733b07c190bcbbd48,23760164,1762672715,2025-11-09 7:18:35,0xc8bd5e90f3f5f20c34735726a40a88d6c09f4cea,0x9008d19f58aabd9ed0d60971565aa8510560ab41,"63,095.24",N/A,0xc770eefad204b5180df6a14ee197d99d808ee52d,FOX,FOX
0xb10e151a772451b9b92f1e05bbd26d433e049cfca3348e58f4a48fff8a1e1777,23753049,1762586867,2025-11-08 7:27:47,0xc8bd5e90f3f5f20c34735726a40a88d6c09f4cea,0x9008d19f58aabd9ed0d60971565aa8510560ab41,"63,095.24",N/A,0xc770eefad204b5180df6a14ee197d99d808ee52d,FOX,FOX
0x1df62affe9c02f3537eaad6c32ef1b2fd0c6108dbb43d3eb348c1c1d7ea01788,23748823,1762535819,2025-11-07 17:16:59,0xc8bd5e90f3f5f20c34735726a40a88d6c09f4cea,0x0cdc2a3eb61fdd5e55a54b7f66b387d8b1577858,"373,100",N/A,0xc770eefad204b5180df6a14ee197d99d808ee52d,FOX,FOX
0x975ace073f8d1ef13f6892462e1aea09b0839b9bf26df291d13adf058e0e0cf8,23746588,1762508771,2025-11-07 9:46:11,0xc8bd5e90f3f5f20c34735726a40a88d6c09f4cea,0x5248079a03ffea97aea9e86a0721f8090619d036,"217,465",N/A,0xc770eefad204b5180df6a14ee197d99d808ee52d,FOX,FOX
0x67ed160da67694725f62e77d36e2c5dc5ab3ced1861f507b29048b374ffcbe0c,23745955,1762501151,2025-11-07 7:39:11,0xc8bd5e90f3f5f20c34735726a40a88d6c09f4cea,0x9008d19f58aabd9ed0d60971565aa8510560ab41,"63,095.24",N/A,0xc770eefad204b5180df6a14ee197d99d808ee52d,FOX,FOX
0x7dd4bcb1c2cb384fdbfc538cc70bfc19a7c139888d5c502fd8f6773a34d49fbc,23738864,1762415435,2025-11-06 7:50:35,0xc8bd5e90f3f5f20c34735726a40a88d6c09f4cea,0x9008d19f58aabd9ed0d60971565aa8510560ab41,"63,095.24",N/A,0xc770eefad204b5180df6a14ee197d99d808ee52d,FOX,FOX
0x75f5434f78dd5c0bf2c02eea7878de521e0792c4fef0d5d774a27f16b25f0835,23731776,1762329719,2025-11-05 8:01:59,0xc8bd5e90f3f5f20c34735726a40a88d6c09f4cea,0x9008d19f58aabd9ed0d60971565aa8510560ab41,"63,095.24",N/A,0xc770eefad204b5180df6a14ee197d99d808ee52d,FOX,FOX
0x9f536752c0a40b50e245641329106097d53f2e3e4fa10c6f1abb96e1c4270669,23724694,1762244027,2025-11-04 8:13:47,0xc8bd5e90f3f5f20c34735726a40a88d6c09f4cea,0x9008d19f58aabd9ed0d60971565aa8510560ab41,"63,095.24",N/A,0xc770eefad204b5180df6a14ee197d99d808ee52d,FOX,FOX
0xb33e394b18f881b8de0a8812c61c6ad75a70b557abbde0d0bd83d5310da8aa4b,23717587,1762158299,2025-11-03 8:24:59,0xc8bd5e90f3f5f20c34735726a40a88d6c09f4cea,0x9008d19f58aabd9ed0d60971565aa8510560ab41,"63,095.24",N/A,0xc770eefad204b5180df6a14ee197d99d808ee52d,FOX,FOX
0xc9742a045011c2eeb473b85dd5f17e28461b03b2377f6a07a2871b77db4bd841,23710489,1762072583,2025-11-02 8:36:23,0xc8bd5e90f3f5f20c34735726a40a88d6c09f4cea,0x9008d19f58aabd9ed0d60971565aa8510560ab41,"63,095.24",N/A,0xc770eefad204b5180df6a14ee197d99d808ee52d,FOX,FOX
0x6128bb8cf6fbf302d6c71290926e1b35028c27e22b4e3eb69274c2897cf569e4,23703392,1761986867,2025-11-01 8:47:47,0xc8bd5e90f3f5f20c34735726a40a88d6c09f4cea,0x9008d19f58aabd9ed0d60971565aa8510560ab41,"63,095.24",N/A,0xc770eefad204b5180df6a14ee197d99d808ee52d,FOX,FOX
0xab29b28ee36da2c4c5682a381c79ed8cc9ee8b03b7557dbeddfee3694cb8d6c7,23696299,1761901151,2025-10-31 8:59:11,0xc8bd5e90f3f5f20c34735726a40a88d6c09f4cea,0x9008d19f58aabd9ed0d60971565aa8510560ab41,"63,095.24",N/A,0xc770eefad204b5180df6a14ee197d99d808ee52d,FOX,FOX
0xf41546e043fc30c0bf1e21f2dc8720467a78e3ed036b1ab3e6b12ba02181902f,23689218,1761815447,2025-10-30 9:10:47,0xc8bd5e90f3f5f20c34735726a40a88d6c09f4cea,0x9008d19f58aabd9ed0d60971565aa8510560ab41,"63,095.24",N/A,0xc770eefad204b5180df6a14ee197d99d808ee52d,FOX,FOX
0xccab22cdaa4c3a9fff8276ed3ea44a3b3cf10954588b9bc2cee1d44bfe74e257,23682127,1761729719,2025-10-29 9:21:59,0xc8bd5e90f3f5f20c34735726a40a88d6c09f4cea,0x9008d19f58aabd9ed0d60971565aa8510560ab41,"63,095.24",N/A,0xc770eefad204b5180df6a14ee197d99d808ee52d,FOX,FOX
0xb50cdf36b479ebe4ae68009fa5e2e9b9da5e4f7383bd3e0db5ec80595ccb9acd,23675056,1761644015,2025-10-28 9:33:35,0xc8bd5e90f3f5f20c34735726a40a88d6c09f4cea,0x9008d19f58aabd9ed0d60971565aa8510560ab41,"63,095.24",N/A,0xc770eefad204b5180df6a14ee197d99d808ee52d,FOX,FOX
0x1c245e4da24e738882ee7193d50dfc98ad3b4dc291da25bb3748127835cd49e0,23667971,1761558287,2025-10-27 9:44:47,0xc8bd5e90f3f5f20c34735726a40a88d6c09f4cea,0x9008d19f58aabd9ed0d60971565aa8510560ab41,"63,095.24",N/A,0xc770eefad204b5180df6a14ee197d99d808ee52d,FOX,FOX
0xd0128466994911f1560c35c8e2179da7dec4cef33f603f906e610200d869fa81,23660878,1761472571,2025-10-26 9:56:11,0xc8bd5e90f3f5f20c34735726a40a88d6c09f4cea,0x9008d19f58aabd9ed0d60971565aa8510560ab41,"63,095.24",N/A,0xc770eefad204b5180df6a14ee197d99d808ee52d,FOX,FOX
0x06cf4ae89a1cfc6aac6e7ef4e76b9c4946767412b34b866d8a684733dbca2758,23653772,1761386867,2025-10-25 10:07:47,0xc8bd5e90f3f5f20c34735726a40a88d6c09f4cea,0x9008d19f58aabd9ed0d60971565aa8510560ab41,"63,095.24",N/A,0xc770eefad204b5180df6a14ee197d99d808ee52d,FOX,FOX
0x97bcf31563f5723a7a5913e4fec2f61be04dc66d384b2d8c20acbab1218f8280,23646684,1761301151,2025-10-24 10:19:11,0xc8bd5e90f3f5f20c34735726a40a88d6c09f4cea,0x9008d19f58aabd9ed0d60971565aa8510560ab41,"63,095.24",N/A,0xc770eefad204b5180df6a14ee197d99d808ee52d,FOX,FOX
0xc56a5bfe727c58dab9d16f8e273c44f8d3f1eeb3962b678f32e4a29942ea32bf,23639616,1761215423,2025-10-23 10:30:23,0xc8bd5e90f3f5f20c34735726a40a88d6c09f4cea,0x9008d19f58aabd9ed0d60971565aa8510560ab41,"63,095.24",N/A,0xc770eefad204b5180df6a14ee197d99d808ee52d,FOX,FOX
0x59d5f241c9396f02de03963d6d46db5914fac767758177a225246a433dea0c94,23533588,1759933259,2025-10-08 14:20:59,0xc8bd5e90f3f5f20c34735726a40a88d6c09f4cea,0x0cdc2a3eb61fdd5e55a54b7f66b387d8b1577858,"52,083",N/A,0xc770eefad204b5180df6a14ee197d99d808ee52d,FOX,FOX
0xdac840d166f268bf2211dcd2753e53304d9e6444857b3f61d6053042491c5fc9,23363998,1757885183,2025-09-14 21:26:23,0xc8bd5e90f3f5f20c34735726a40a88d6c09f4cea,0x0cdc2a3eb61fdd5e55a54b7f66b387d8b1577858,"52,083",N/A,0xc770eefad204b5180df6a14ee197d99d808ee52d,FOX,FOX
0x91389bf250149cb526081c148eab2752cac38d116a6112565ff91766041a0d7b,23089904,1754578439,2025-08-07 14:53:59,0xc8bd5e90f3f5f20c34735726a40a88d6c09f4cea,0x0cdc2a3eb61fdd5e55a54b7f66b387d8b1577858,"52,083",N/A,0xc770eefad204b5180df6a14ee197d99d808ee52d,FOX,FOX
0x534d1832a0bd3c1e54669d65d4062b8a6beb10b9ab44a0db88f59a709a6ccc5b,23012757,1753646687,2025-07-27 20:04:47,0xc8bd5e90f3f5f20c34735726a40a88d6c09f4cea,0x9008d19f58aabd9ed0d60971565aa8510560ab41,"50,000",N/A,0xc770eefad204b5180df6a14ee197d99d808ee52d,FOX,FOX
0x2fe94fba1ced99513bb0da67e135bf8478b255bda3c5cd45b678279fb47c9914,22991282,1753387499,2025-07-24 20:04:59,0xc8bd5e90f3f5f20c34735726a40a88d6c09f4cea,0x9008d19f58aabd9ed0d60971565aa8510560ab41,"50,000",N/A,0xc770eefad204b5180df6a14ee197d99d808ee52d,FOX,FOX
0xefa1c6b7e0a275bab186cf18903d997b79a22b855d738964895d3834eb3cf06b,22969834,1753128287,2025-07-21 20:04:47,0xc8bd5e90f3f5f20c34735726a40a88d6c09f4cea,0x9008d19f58aabd9ed0d60971565aa8510560ab41,"50,000",N/A,0xc770eefad204b5180df6a14ee197d99d808ee52d,FOX,FOX
0x6fdc7d3222f75943fb77c8def1eefb84e79c1b6912157f5a0bb6312d433ccc55,22948365,1752869135,2025-07-18 20:05:35,0xc8bd5e90f3f5f20c34735726a40a88d6c09f4cea,0x9008d19f58aabd9ed0d60971565aa8510560ab41,"50,000",N/A,0xc770eefad204b5180df6a14ee197d99d808ee52d,FOX,FOX
0x44c13a97c59abef4370e0c5bda76a6f5eca3a9fd3115b97e3026fb1d9fd21eae,22926856,1752609899,2025-07-15 20:04:59,0xc8bd5e90f3f5f20c34735726a40a88d6c09f4cea,0x9008d19f58aabd9ed0d60971565aa8510560ab41,"50,000",N/A,0xc770eefad204b5180df6a14ee197d99d808ee52d,FOX,FOX
0x101b07451beea8c382619e491bb01b1ddadfead53a8cb6dadb965edc1734718b,22905361,1752350687,2025-07-12 20:04:47,0xc8bd5e90f3f5f20c34735726a40a88d6c09f4cea,0x9008d19f58aabd9ed0d60971565aa8510560ab41,"50,000",N/A,0xc770eefad204b5180df6a14ee197d99d808ee52d,FOX,FOX
0xcb2ed3fd063266d0329e9fe53325749073fc744daab7ea290a8da66fdd38184d,22883896,1752091499,2025-07-09 20:04:59,0xc8bd5e90f3f5f20c34735726a40a88d6c09f4cea,0x9008d19f58aabd9ed0d60971565aa8510560ab41,"50,000",N/A,0xc770eefad204b5180df6a14ee197d99d808ee52d,FOX,FOX
0x0ca58ea89a4f19b68d16fe4d2c26e20436ac0f260e139ba2d696c296f70327b0,22862429,1751832287,2025-07-06 20:04:47,0xc8bd5e90f3f5f20c34735726a40a88d6c09f4cea,0x9008d19f58aabd9ed0d60971565aa8510560ab41,"50,000",N/A,0xc770eefad204b5180df6a14ee197d99d808ee52d,FOX,FOX
0x68058199bafbe8679f74c79394d463c30965843b9f3c49cfa051f0e412bd0210,22840964,1751573087,2025-07-03 20:04:47,0xc8bd5e90f3f5f20c34735726a40a88d6c09f4cea,0x9008d19f58aabd9ed0d60971565aa8510560ab41,"50,000",N/A,0xc770eefad204b5180df6a14ee197d99d808ee52d,FOX,FOX
0xfab406b56026dbec268799af2c5bfdde24072b6a76349708d2f1c11de29cff02,22839669,1751557451,2025-07-03 15:44:11,0xc8bd5e90f3f5f20c34735726a40a88d6c09f4cea,0x0cdc2a3eb61fdd5e55a54b7f66b387d8b1577858,"52,083",N/A,0xc770eefad204b5180df6a14ee197d99d808ee52d,FOX,FOX
0x2cca56b92e6afccc7177657651162fa4427204b8a3509ac7fecfe1c1508aa992,22819507,1751313899,2025-06-30 20:04:59,0xc8bd5e90f3f5f20c34735726a40a88d6c09f4cea,0x9008d19f58aabd9ed0d60971565aa8510560ab41,"50,000",N/A,0xc770eefad204b5180df6a14ee197d99d808ee52d,FOX,FOX
0xb2f4fde3d7d65bdcf4bc87f0bf4231ab34d77402ff493b8491b77342d36dc9b4,22798041,1751054687,2025-06-27 20:04:47,0xc8bd5e90f3f5f20c34735726a40a88d6c09f4cea,0x9008d19f58aabd9ed0d60971565aa8510560ab41,"50,000",N/A,0xc770eefad204b5180df6a14ee197d99d808ee52d,FOX,FOX
0x0f63cf42deec255b61306c491538ee77f0d564a6f06784b83fdbba9eaac2e674,22776557,1750795487,2025-06-24 20:04:47,0xc8bd5e90f3f5f20c34735726a40a88d6c09f4cea,0x9008d19f58aabd9ed0d60971565aa8510560ab41,"50,000",N/A,0xc770eefad204b5180df6a14ee197d99d808ee52d,FOX,FOX
0x4108643ce187900981f4ed5a28a1fb3e00c63a84776708a1c5740085641c6b04,22755101,1750536299,2025-06-21 20:04:59,0xc8bd5e90f3f5f20c34735726a40a88d6c09f4cea,0x9008d19f58aabd9ed0d60971565aa8510560ab41,"50,000",N/A,0xc770eefad204b5180df6a14ee197d99d808ee52d,FOX,FOX
0x9c69b0c030609139955b7631335591b5c05f29060405b810be8bccb9d81d0c58,22733636,1750277099,2025-06-18 20:04:59,0xc8bd5e90f3f5f20c34735726a40a88d6c09f4cea,0x9008d19f58aabd9ed0d60971565aa8510560ab41,"50,000",N/A,0xc770eefad204b5180df6a14ee197d99d808ee52d,FOX,FOX
0x32194dfcc80729f1e280465550e6f1ac34e3bdcac3d9724e37ee589ef3085271,22712203,1750017887,2025-06-15 20:04:47,0xc8bd5e90f3f5f20c34735726a40a88d6c09f4cea,0x9008d19f58aabd9ed0d60971565aa8510560ab41,"50,000",N/A,0xc770eefad204b5180df6a14ee197d99d808ee52d,FOX,FOX
0xc05cf097bb37ebff1d78935a253ef0e4daecd05f0b00c4414a0d483cf7feae48,22690750,1749758687,2025-06-12 20:04:47,0xc8bd5e90f3f5f20c34735726a40a88d6c09f4cea,0x9008d19f58aabd9ed0d60971565aa8510560ab41,"50,000",N/A,0xc770eefad204b5180df6a14ee197d99d808ee52d,FOX,FOX
0xfc6b08e313ce89078dc2d5114801ae1356f9c451ca2c9c16ab91eeacec646f59,22669284,1749499487,2025-06-09 20:04:47,0xc8bd5e90f3f5f20c34735726a40a88d6c09f4cea,0x9008d19f58aabd9ed0d60971565aa8510560ab41,"50,000",N/A,0xc770eefad204b5180df6a14ee197d99d808ee52d,FOX,FOX
0x1358da31c1aa8fc2ebcb71d81dabb96763be19d511630149c290269292e77334,22647814,1749240287,2025-06-06 20:04:47,0xc8bd5e90f3f5f20c34735726a40a88d6c09f4cea,0x9008d19f58aabd9ed0d60971565aa8510560ab41,"50,000",N/A,0xc770eefad204b5180df6a14ee197d99d808ee52d,FOX,FOX
0xd866aab3865dc4269a6e83305dcfc1994309cc6d23d44840535eec6613d25ccb,22632453,1749054359,2025-06-04 16:25:59,0xc8bd5e90f3f5f20c34735726a40a88d6c09f4cea,0x0cdc2a3eb61fdd5e55a54b7f66b387d8b1577858,"52,083",N/A,0xc770eefad204b5180df6a14ee197d99d808ee52d,FOX,FOX
0x7a04e6701f756614fd7def61e6f41c5bf5de7dede9235dbf13a00acd5bc3b15a,22626396,1748981099,2025-06-03 20:04:59,0xc8bd5e90f3f5f20c34735726a40a88d6c09f4cea,0x9008d19f58aabd9ed0d60971565aa8510560ab41,"50,000",N/A,0xc770eefad204b5180df6a14ee197d99d808ee52d,FOX,FOX
0xe7cffbb1657c1dcaa2fc53aea2f2137ebf25d9f5b27857f9519dd028ead07085,22604973,1748721911,2025-05-31 20:05:11,0xc8bd5e90f3f5f20c34735726a40a88d6c09f4cea,0x9008d19f58aabd9ed0d60971565aa8510560ab41,"50,000",N/A,0xc770eefad204b5180df6a14ee197d99d808ee52d,FOX,FOX
0x6e2e8b3973bf6d5a4abd89b0d1c38a5e44518c862d24ede75472f0b074e5e2bf,22583527,1748462699,2025-05-28 20:04:59,0xc8bd5e90f3f5f20c34735726a40a88d6c09f4cea,0x9008d19f58aabd9ed0d60971565aa8510560ab41,"50,000",N/A,0xc770eefad204b5180df6a14ee197d99d808ee52d,FOX,FOX
0x32a2a24dea671a30e4aef17b002bb30abb0391c124b5a8162ce1511b10e5376e,22562098,1748203487,2025-05-25 20:04:47,0xc8bd5e90f3f5f20c34735726a40a88d6c09f4cea,0x9008d19f58aabd9ed0d60971565aa8510560ab41,"50,000",N/A,0xc770eefad204b5180df6a14ee197d99d808ee52d,FOX,FOX
0x84125e63f38151cc1742823cbdf5875aa47d11dd2784d7efd23869812aab396d,22540686,1747944287,2025-05-22 20:04:47,0xc8bd5e90f3f5f20c34735726a40a88d6c09f4cea,0x9008d19f58aabd9ed0d60971565aa8510560ab41,"50,000",N/A,0xc770eefad204b5180df6a14ee197d99d808ee52d,FOX,FOX
0xe2802e4a1e49a35b236ec24f80921c1a301b478776d9f0cc5a4c44dea6068f44,22519266,1747685087,2025-05-19 20:04:47,0xc8bd5e90f3f5f20c34735726a40a88d6c09f4cea,0x9008d19f58aabd9ed0d60971565aa8510560ab41,"50,000",N/A,0xc770eefad204b5180df6a14ee197d99d808ee52d,FOX,FOX
0xfe4b7a006297cbaefbe28907f1767b9f78af419db5bf21f4f676120b6e12d835,22497885,1747425887,2025-05-16 20:04:47,0xc8bd5e90f3f5f20c34735726a40a88d6c09f4cea,0x9008d19f58aabd9ed0d60971565aa8510560ab41,"50,000",N/A,0xc770eefad204b5180df6a14ee197d99d808ee52d,FOX,FOX
0xa9e303e49d12f95ca53c6b737ea2d9bb228369694f945d86f89d2ef1ea1d3469,22476557,1747166747,2025-05-13 20:05:47,0xc8bd5e90f3f5f20c34735726a40a88d6c09f4cea,0x9008d19f58aabd9ed0d60971565aa8510560ab41,"50,000",N/A,0xc770eefad204b5180df6a14ee197d99d808ee52d,FOX,FOX
0x9665bdcfd0fff26db10acfa36f174107dadcfc08a75036d80a7411e09f8b34fe,22455243,1746907487,2025-05-10 20:04:47,0xc8bd5e90f3f5f20c34735726a40a88d6c09f4cea,0x9008d19f58aabd9ed0d60971565aa8510560ab41,"50,000",N/A,0xc770eefad204b5180df6a14ee197d99d808ee52d,FOX,FOX
0xc1a7a4fd5b38afe0e240c93d6eb19670a1091f377bd7030b2b1528b9664bbbf6,22433988,1746648299,2025-05-07 20:04:59,0xc8bd5e90f3f5f20c34735726a40a88d6c09f4cea,0x9008d19f58aabd9ed0d60971565aa8510560ab41,"50,000",N/A,0xc770eefad204b5180df6a14ee197d99d808ee52d,FOX,FOX
0x0ffce3377e217dfa5196856921b09c76c9f787fcc3818463942d0287a696150f,22418742,1746462683,2025-05-05 16:31:23,0xc8bd5e90f3f5f20c34735726a40a88d6c09f4cea,0x0cdc2a3eb61fdd5e55a54b7f66b387d8b1577858,"52,083",N/A,0xc770eefad204b5180df6a14ee197d99d808ee52d,FOX,FOX
0x1bee832986af04e1ddb4276a4645e386c3ad3390de3d61b6dc7467a0753912ee,22412660,1746389099,2025-05-04 20:04:59,0xc8bd5e90f3f5f20c34735726a40a88d6c09f4cea,0x9008d19f58aabd9ed0d60971565aa8510560ab41,"50,000",N/A,0xc770eefad204b5180df6a14ee197d99d808ee52d,FOX,FOX
0xbb0aca3a8e65ead32194c9bc086f840ce052ea0e65a9805ff6ccc81b0627896b,22391266,1746129887,2025-05-01 20:04:47,0xc8bd5e90f3f5f20c34735726a40a88d6c09f4cea,0x9008d19f58aabd9ed0d60971565aa8510560ab41,"50,000",N/A,0xc770eefad204b5180df6a14ee197d99d808ee52d,FOX,FOX
0x94d43e53e5e45c86c0cc1543552cfb6d3c8c437abb23eb18b9b62ea8b2488552,22218825,1744050671,2025-04-07 18:31:11,0xc8bd5e90f3f5f20c34735726a40a88d6c09f4cea,0x3f6e8a8cffe377c4649aceb01e6f20c60faa356c,"1,000,000",N/A,0xc770eefad204b5180df6a14ee197d99d808ee52d,FOX,FOX
0x2fe8189ad93c03c5bd6b26c65ab9b721879fdcaf29987a73c02fbab8ff9eeed9,22190011,1743702935,2025-04-03 17:55:35,0xc8bd5e90f3f5f20c34735726a40a88d6c09f4cea,0x0cdc2a3eb61fdd5e55a54b7f66b387d8b1577858,"52,083",N/A,0xc770eefad204b5180df6a14ee197d99d808ee52d,FOX,FOX
0x2cc5b37468ec64956ce701553a5ce090b6a20267ef66401c21110697c7d286e4,22110999,1742749835,2025-03-23 17:10:35,0xc8bd5e90f3f5f20c34735726a40a88d6c09f4cea,0x9008d19f58aabd9ed0d60971565aa8510560ab41,"83,333.33",N/A,0xc770eefad204b5180df6a14ee197d99d808ee52d,FOX,FOX
0x80042652212cb2eae69323a57c9fa95bc55c01afc96f65c7c0529e5cae25890a,22017957,1741627655,2025-03-10 17:27:35,0xc8bd5e90f3f5f20c34735726a40a88d6c09f4cea,0x0cdc2a3eb61fdd5e55a54b7f66b387d8b1577858,"52,083",N/A,0xc770eefad204b5180df6a14ee197d99d808ee52d,FOX,FOX
0x09fa8348cf1c0427cea71bb2ce42d99c7f86427abf2d78c693d22f20aca43871,22000196,1741413251,2025-03-08 5:54:11,0xc8bd5e90f3f5f20c34735726a40a88d6c09f4cea,0x9008d19f58aabd9ed0d60971565aa8510560ab41,"83,333.33",N/A,0xc770eefad204b5180df6a14ee197d99d808ee52d,FOX,FOX
0x208db3a0ed6ff7069bcd067f23e0d14a2f1ce5a0fb46d52b85a4d209ca529aa9,21989457,1741283507,2025-03-06 17:51:47,0xc8bd5e90f3f5f20c34735726a40a88d6c09f4cea,0x9008d19f58aabd9ed0d60971565aa8510560ab41,"83,333.33",N/A,0xc770eefad204b5180df6a14ee197d99d808ee52d,FOX,FOX
0x9e6ea1c8fa6273740880289c0a45e31ba0e06ef154f86311dc02ec7eeb051bb3,21978717,1741153931,2025-03-05 5:52:11,0xc8bd5e90f3f5f20c34735726a40a88d6c09f4cea,0x9008d19f58aabd9ed0d60971565aa8510560ab41,"83,333.33",N/A,0xc770eefad204b5180df6a14ee197d99d808ee52d,FOX,FOX
0x6a8cae61be3185b5275d50b3d5658df588f2c4ef00e5596ace7b7c90676cf8d5,21967973,1741024379,2025-03-03 17:52:59,0xc8bd5e90f3f5f20c34735726a40a88d6c09f4cea,0x9008d19f58aabd9ed0d60971565aa8510560ab41,"83,333.33",N/A,0xc770eefad204b5180df6a14ee197d99d808ee52d,FOX,FOX
0xb4b2846d6cde37a42e7072a50ac5ceb1147a160216f514f6d75b806f969fd3a7,21957208,1740894707,2025-03-02 5:51:47,0xc8bd5e90f3f5f20c34735726a40a88d6c09f4cea,0x9008d19f58aabd9ed0d60971565aa8510560ab41,"83,333.33",N/A,0xc770eefad204b5180df6a14ee197d99d808ee52d,FOX,FOX
0x244395ab32ac40cac312248c95f4dd1a0f3bbfef78936bdb4d0b28b1c52aa463,21946457,1740765143,2025-02-28 17:52:23,0xc8bd5e90f3f5f20c34735726a40a88d6c09f4cea,0x9008d19f58aabd9ed0d60971565aa8510560ab41,"83,333.33",N/A,0xc770eefad204b5180df6a14ee197d99d808ee52d,FOX,FOX
0x355c5eee702f1ca29888e8ea26b90e27764691e896f10307b81f60f5aedd6373,21935700,1740635519,2025-02-27 5:51:59,0xc8bd5e90f3f5f20c34735726a40a88d6c09f4cea,0x9008d19f58aabd9ed0d60971565aa8510560ab41,"83,333.33",N/A,0xc770eefad204b5180df6a14ee197d99d808ee52d,FOX,FOX
0xffa012cfbe05660feb20cf984f3b6de82b3d8f218b0858c02b5d8e0dad1ac8da,21924954,1740505931,2025-02-25 17:52:11,0xc8bd5e90f3f5f20c34735726a40a88d6c09f4cea,0x9008d19f58aabd9ed0d60971565aa8510560ab41,"83,333.33",N/A,0xc770eefad204b5180df6a14ee197d99d808ee52d,FOX,FOX
0x6446f1fe2dfd8c2e0d8562237a99d6cd6cea094c560c0e0d6945fc12582b8147,21914220,1740376319,2025-02-24 5:51:59,0xc8bd5e90f3f5f20c34735726a40a88d6c09f4cea,0x9008d19f58aabd9ed0d60971565aa8510560ab41,"83,333.33",N/A,0xc770eefad204b5180df6a14ee197d99d808ee52d,FOX,FOX
0xada70bcb7df7ef91c2a2e70c103da12ed6cc47b2564e980f9b8ef9f21a61d7ba,21903477,1740246707,2025-02-22 17:51:47,0xc8bd5e90f3f5f20c34735726a40a88d6c09f4cea,0x9008d19f58aabd9ed0d60971565aa8510560ab41,"83,333.33",N/A,0xc770eefad204b5180df6a14ee197d99d808ee52d,FOX,FOX
0x12ca98e1f4a144d136c5035be861bc1add3e8735d41708ecd3d3a6d9e1ab6804,21892743,1740117107,2025-02-21 5:51:47,0xc8bd5e90f3f5f20c34735726a40a88d6c09f4cea,0x9008d19f58aabd9ed0d60971565aa8510560ab41,"83,333.33",N/A,0xc770eefad204b5180df6a14ee197d99d808ee52d,FOX,FOX
0x060e6ff941e75b5fca437452322fcbac37586dca1f8f29b24c69d5a328214ef4,21882024,1739987507,2025-02-19 17:51:47,0xc8bd5e90f3f5f20c34735726a40a88d6c09f4cea,0x9008d19f58aabd9ed0d60971565aa8510560ab41,"83,333.33",N/A,0xc770eefad204b5180df6a14ee197d99d808ee52d,FOX,FOX
0xfd23b95cffb989bd9e0def3875033127aa995137bb7bb181c0073144cfbda522,21871287,1739857907,2025-02-18 5:51:47,0xc8bd5e90f3f5f20c34735726a40a88d6c09f4cea,0x9008d19f58aabd9ed0d60971565aa8510560ab41,"83,333.33",N/A,0xc770eefad204b5180df6a14ee197d99d808ee52d,FOX,FOX
0xf8961bf45698fadccbbc0e2bdbd3fcc4f8d82b3d60251a97fa1d62d65c575e77,21860567,1739728319,2025-02-16 17:51:59,0xc8bd5e90f3f5f20c34735726a40a88d6c09f4cea,0x9008d19f58aabd9ed0d60971565aa8510560ab41,"83,333.33",N/A,0xc770eefad204b5180df6a14ee197d99d808ee52d,FOX,FOX
0x8996cbdcf00e5735c70590bf800d8a1fbc37e758e042ab621d09d24356f7964a,21849865,1739598707,2025-02-15 5:51:47,0xc8bd5e90f3f5f20c34735726a40a88d6c09f4cea,0x9008d19f58aabd9ed0d60971565aa8510560ab41,"83,333.33",N/A,0xc770eefad204b5180df6a14ee197d99d808ee52d,FOX,FOX
0xda945039c6849e884f3ba893aac495f4b29e020624abee037460ef52b208421f,21839163,1739469107,2025-02-13 17:51:47,0xc8bd5e90f3f5f20c34735726a40a88d6c09f4cea,0x9008d19f58aabd9ed0d60971565aa8510560ab41,"83,333.33",N/A,0xc770eefad204b5180df6a14ee197d99d808ee52d,FOX,FOX
0x6fe32c6def90fc9dd41c0a165227eaae857612664e388d463687b6451f2dc15e,21828455,1739339519,2025-02-12 5:51:59,0xc8bd5e90f3f5f20c34735726a40a88d6c09f4cea,0x9008d19f58aabd9ed0d60971565aa8510560ab41,"83,333.33",N/A,0xc770eefad204b5180df6a14ee197d99d808ee52d,FOX,FOX
0x3bdb6859fddf15fe17e8fbe539c22c5547cc83abd841c811a474571d5cbc99bd,21817727,1739209907,2025-02-10 17:51:47,0xc8bd5e90f3f5f20c34735726a40a88d6c09f4cea,0x9008d19f58aabd9ed0d60971565aa8510560ab41,"83,333.33",N/A,0xc770eefad204b5180df6a14ee197d99d808ee52d,FOX,FOX
0xb35692815389be018f1c2f79b54ee315712df895328b971c32b34a3e6f28c337,21806986,1739080307,2025-02-09 5:51:47,0xc8bd5e90f3f5f20c34735726a40a88d6c09f4cea,0x9008d19f58aabd9ed0d60971565aa8510560ab41,"83,333.33",N/A,0xc770eefad204b5180df6a14ee197d99d808ee52d,FOX,FOX
0x7fcad754ec6eb5d33e116daf37d65d7e5da6dc1ca999f54db6646228acd483dd,21796239,1738950719,2025-02-07 17:51:59,0xc8bd5e90f3f5f20c34735726a40a88d6c09f4cea,0x9008d19f58aabd9ed0d60971565aa8510560ab41,"83,333.33",N/A,0xc770eefad204b5180df6a14ee197d99d808ee52d,FOX,FOX
0x10a81b78876262ab19c305ba179824b863451393d9ad0ae82a8e3b2e6999b57e,21785488,1738821119,2025-02-06 5:51:59,0xc8bd5e90f3f5f20c34735726a40a88d6c09f4cea,0x9008d19f58aabd9ed0d60971565aa8510560ab41,"83,333.33",N/A,0xc770eefad204b5180df6a14ee197d99d808ee52d,FOX,FOX
0x635b513bb527ded0d6b6dd50b6879ea2681f203a8f0e3d62e204ac5cbd5cb8d4,21781887,1738777739,2025-02-05 17:48:59,0xc8bd5e90f3f5f20c34735726a40a88d6c09f4cea,0x0cdc2a3eb61fdd5e55a54b7f66b387d8b1577858,"52,083",N/A,0xc770eefad204b5180df6a14ee197d99d808ee52d,FOX,FOX
0xbe5de291e2644e306156da9ca015b7db5659a57ba2e3af6f8bfdf15ca36ee881,21774744,1738691507,2025-02-04 17:51:47,0xc8bd5e90f3f5f20c34735726a40a88d6c09f4cea,0x9008d19f58aabd9ed0d60971565aa8510560ab41,"83,333.33",N/A,0xc770eefad204b5180df6a14ee197d99d808ee52d,FOX,FOX
0x17c830b9a614121da1f3c9fd9e1f89bfda01dadf9ef044fa8aa54b9702f67aa1,21764012,1738561919,2025-02-03 5:51:59,0xc8bd5e90f3f5f20c34735726a40a88d6c09f4cea,0x9008d19f58aabd9ed0d60971565aa8510560ab41,"83,333.33",N/A,0xc770eefad204b5180df6a14ee197d99d808ee52d,FOX,FOX
0xf73396d0b60597ac4f9a871fca3d7a591612baaaaea2ea91020ce791b814967f,21753279,1738432307,2025-02-01 17:51:47,0xc8bd5e90f3f5f20c34735726a40a88d6c09f4cea,0x9008d19f58aabd9ed0d60971565aa8510560ab41,"83,333.33",N/A,0xc770eefad204b5180df6a14ee197d99d808ee52d,FOX,FOX
0xa7ded894b5e59a2581ecdc470cf5ddbffa936f452fe414b92e7697ba5cf00b1f,21742542,1738302719,2025-01-31 5:51:59,0xc8bd5e90f3f5f20c34735726a40a88d6c09f4cea,0x9008d19f58aabd9ed0d60971565aa8510560ab41,"83,333.33",N/A,0xc770eefad204b5180df6a14ee197d99d808ee52d,FOX,FOX
0x427f4ebfe7dcf3564edd3c5731f25fae5b15aee994e9c9cf32f649cd8b7e13eb,21731795,1738173107,2025-01-29 17:51:47,0xc8bd5e90f3f5f20c34735726a40a88d6c09f4cea,0x9008d19f58aabd9ed0d60971565aa8510560ab41,"83,333.33",N/A,0xc770eefad204b5180df6a14ee197d99d808ee52d,FOX,FOX
0xabeb91320dcd95f8ec1c0ac941c824a2bac88087ff84b02d1e392010451705b5,21723253,1738070063,2025-01-28 13:14:23,0xc8bd5e90f3f5f20c34735726a40a88d6c09f4cea,0x9008d19f58aabd9ed0d60971565aa8510560ab41,"67,750.00",N/A,0xc770eefad204b5180df6a14ee197d99d808ee52d,FOX,FOX
0xa6b6bbe781547abbc3f67a445fb8805a3be5d93916d05ec6877cddfaef0759be,21723251,1738070039,2025-01-28 13:13:59,0xc8bd5e90f3f5f20c34735726a40a88d6c09f4cea,0x9008d19f58aabd9ed0d60971565aa8510560ab41,"182,250.00",N/A,0xc770eefad204b5180df6a14ee197d99d808ee52d,FOX,FOX
0xd683965edf9c0ee152480ca9bbfd81d7aa9645ebb06bd35bb113c052cbdd71d7,21723238,1738069883,2025-01-28 13:11:23,0xc8bd5e90f3f5f20c34735726a40a88d6c09f4cea,0x9008d19f58aabd9ed0d60971565aa8510560ab41,"60,342.33",N/A,0xc770eefad204b5180df6a14ee197d99d808ee52d,FOX,FOX
0x012ab05dedf40f6cad07f0394a924919deca5cdf3979b7ae8bc205d2fe41ed78,21723082,1738067999,2025-01-28 12:39:59,0xc8bd5e90f3f5f20c34735726a40a88d6c09f4cea,0x9008d19f58aabd9ed0d60971565aa8510560ab41,"130,256.08",N/A,0xc770eefad204b5180df6a14ee197d99d808ee52d,FOX,FOX
0x0c9eb4cc1f5624ff7b59079e54493c26455f11867728aa9e38ef81fb9f2acbdd,21723077,1738067939,2025-01-28 12:38:59,0xc8bd5e90f3f5f20c34735726a40a88d6c09f4cea,0x9008d19f58aabd9ed0d60971565aa8510560ab41,"59,401.60",N/A,0xc770eefad204b5180df6a14ee197d99d808ee52d,FOX,FOX
0xcc29c7b8e0fdf074322a2a94be42188a9902f1be903a811886ece970e125495b,21723006,1738067075,2025-01-28 12:24:35,0xc8bd5e90f3f5f20c34735726a40a88d6c09f4cea,0x9008d19f58aabd9ed0d60971565aa8510560ab41,"111,750",N/A,0xc770eefad204b5180df6a14ee197d99d808ee52d,FOX,FOX
0x51e3c5c4078d9d70af05c4fcfe75e6d5f008350e6cda09c2d29edc5b67f73bf7,21723003,1738067039,2025-01-28 12:23:59,0xc8bd5e90f3f5f20c34735726a40a88d6c09f4cea,0x9008d19f58aabd9ed0d60971565aa8510560ab41,"138,250",N/A,0xc770eefad204b5180df6a14ee197d99d808ee52d,FOX,FOX
0xefd5e67175837143f503e43150b2151cf841318b497e6f7c7a4adb58d4eb6e90,21721052,1738043519,2025-01-28 5:51:59,0xc8bd5e90f3f5f20c34735726a40a88d6c09f4cea,0x9008d19f58aabd9ed0d60971565aa8510560ab41,"83,333.33",N/A,0xc770eefad204b5180df6a14ee197d99d808ee52d,FOX,FOX
0x589d34bb2cebf22e3034e04504797cccbfb7bc16423fde7941afb6fb070be958,21710299,1737913919,2025-01-26 17:51:59,0xc8bd5e90f3f5f20c34735726a40a88d6c09f4cea,0x9008d19f58aabd9ed0d60971565aa8510560ab41,"83,333.33",N/A,0xc770eefad204b5180df6a14ee197d99d808ee52d,FOX,FOX
0x1c89ed03ec7607dd028e516e36a58f341ae01c816570c8d3f5338bf6790eae9a,21699549,1737784307,2025-01-25 5:51:47,0xc8bd5e90f3f5f20c34735726a40a88d6c09f4cea,0x9008d19f58aabd9ed0d60971565aa8510560ab41,"83,333.33",N/A,0xc770eefad204b5180df6a14ee197d99d808ee52d,FOX,FOX
0x1807a376caa9f0fc0929db0bb3bc8e4698552260f0b39386041a2e7c76c37fc9,21688802,1737654707,2025-01-23 17:51:47,0xc8bd5e90f3f5f20c34735726a40a88d6c09f4cea,0x9008d19f58aabd9ed0d60971565aa8510560ab41,"83,333.33",N/A,0xc770eefad204b5180df6a14ee197d99d808ee52d,FOX,FOX
0x82e01d445aad0bf46dbba6fa6e53b26805bd7904b9e4d0cb91e9edbcc8c91f72,21678056,1737525107,2025-01-22 5:51:47,0xc8bd5e90f3f5f20c34735726a40a88d6c09f4cea,0x9008d19f58aabd9ed0d60971565aa8510560ab41,"83,333.33",N/A,0xc770eefad204b5180df6a14ee197d99d808ee52d,FOX,FOX
0x10d20f58a9d2363581f6145023006129f74bad10cbd8b3ca92f3f91582b48724,21667315,1737395531,2025-01-20 17:52:11,0xc8bd5e90f3f5f20c34735726a40a88d6c09f4cea,0x9008d19f58aabd9ed0d60971565aa8510560ab41,"83,333.33",N/A,0xc770eefad204b5180df6a14ee197d99d808ee52d,FOX,FOX
0xebc46247ae8bb036447ed0443aee017c166f2237b8227a04e4a85d57cd0aebab,21656560,1737265907,2025-01-19 5:51:47,0xc8bd5e90f3f5f20c34735726a40a88d6c09f4cea,0x9008d19f58aabd9ed0d60971565aa8510560ab41,"83,333.33",N/A,0xc770eefad204b5180df6a14ee197d99d808ee52d,FOX,FOX
0x3d39d86dad6e22bc12cf03de1f3971da11c77ea224645471f63de73dc680b0d9,21645821,1737136319,2025-01-17 17:51:59,0xc8bd5e90f3f5f20c34735726a40a88d6c09f4cea,0x9008d19f58aabd9ed0d60971565aa8510560ab41,"83,333.33",N/A,0xc770eefad204b5180df6a14ee197d99d808ee52d,FOX,FOX
0x30cf809267272f2ffa83094bb7a41c079a8c675f429776fa23c9e691f435771d,21537667,1735831511,2025-01-02 15:25:11,0xc8bd5e90f3f5f20c34735726a40a88d6c09f4cea,0x0cdc2a3eb61fdd5e55a54b7f66b387d8b1577858,"52,083",N/A,0xc770eefad204b5180df6a14ee197d99d808ee52d,FOX,FOX
0x0fbff70c6e9757cae54ccc084783a34931aef71aa0f33e8536270a4dab047870,21324754,1733262431,2024-12-03 21:47:11,0xc8bd5e90f3f5f20c34735726a40a88d6c09f4cea,0x0cdc2a3eb61fdd5e55a54b7f66b387d8b1577858,"52,083",N/A,0xc770eefad204b5180df6a14ee197d99d808ee52d,FOX,FOX
0xf58c46b886dc635c7233a3ae18621b3988be1773c5497d67487f0a583dd992e5,21095255,1730493719,2024-11-01 20:41:59,0xc8bd5e90f3f5f20c34735726a40a88d6c09f4cea,0x0cdc2a3eb61fdd5e55a54b7f66b387d8b1577858,"52,083",N/A,0xc770eefad204b5180df6a14ee197d99d808ee52d,FOX,FOX